[
  {
    "availableSeats": 20,
    "departureDatetime": "2023-05-15T14:30:00",
    "travelRoute": {
      "destinationLocation": {
        "locationCode": "DEST-ABC"
      },
      "originLocation": {
        "locationCode": "ORIGIN-XYZ"
      }
    }
  },
  {
    "availableSeats": 15,
    "departureDatetime": "2023-06-10T09:45:00",
    "travelRoute": {
      "destinationLocation": {
        "locationCode": "DEST-PQR"
      },
      "originLocation": {
        "locationCode": "ORIGIN-LMN"
      }
    }
  },
  {
    "availableSeats": 25,
    "departureDatetime": "2023-07-20T18:15:00",
    "travelRoute": {
      "destinationLocation": {
        "locationCode": "DEST-XYZ"
      },
      "originLocation": {
        "locationCode": "ORIGIN-ABC"
      }
    }
  }
]