[
  {
    "companyCode": "TransNational",
    "originLocation": {
      "LocationCode": "BEN-SEG",
      "LocationDesc": "Beauna Singapore"
    },
    "destinationLocation": {
      "LocationCode": "NYC-USA",
      "LocationDesc": "New York City, USA"
    }
  },
  {
    "companyCode": "TransNational",
    "originLocation": {
      "LocationCode": "BEN-SEG",
      "LocationDesc": "Beauna Singapore"
    },
    "destinationLocation": {
      "LocationCode": "PAR-FRA",
      "LocationDesc": "Paris, France"
    }
  },
  {
    "companyCode": "TransNational",
    "originLocation": {
      "LocationCode": "BEN-SEG",
      "LocationDesc": "Beauna Singapore"
    },
    "destinationLocation": {
      "LocationCode": "TOK-JPN",
      "LocationDesc": "Tokyo, Japan"
    }
  }
]