[
  {
    "companyCode": "TransNational",
    "originLocation": {
      "LocationDesc": "Beauna Singapore"
    },
    "destinationLocation": {
      "LocationDesc": "New York City, USA"
    }
  },
  {
    "companyCode": "TransNational",
    "originLocation": {
      "LocationDesc": "Beauna Singapore"
    },
    "destinationLocation": {
      "LocationDesc": "Paris, France"
    }
  },
  {
    "companyCode": "TransNational",
    "originLocation": {
      "LocationDesc": "Beauna Singapore"
    },
    "destinationLocation": {
      "LocationDesc": "Tokyo, Japan"
    }
  }
]